name, PosX, PosY, PosZ, ScaleX, ScaleY, ScaleZ, RotX, RotY, RotZ
Block,-14.25,0,18.59,23,2,5,0,0,0,,
Block,-14.38,0,-23,15,2,5,0,0,0,,
Block,-14.25,0,-18.01,23,2,5,0,0,0,,
Block,-14.38,0,23.22,15,2,5,0,0,0,,
Block,-17.33985,0,4.91,9.466244,2,5,0,0,0,,
Block,0,0,-13.7,51.5,2,5,0,0,0,,
Block,14.599,0,-23.4,15,2,5,0,0,0,,
Block,15.99202,0,-0.05999994,6.50404,2,5,0,0,0,,
Block,17.29015,0,4.91,9.466244,2,5,0,0,0,,
Block,-17.20732,0,-4.68,9.466244,2,5,0,0,0,,
Block,14.25,0,18.51,23,2,5,0,0,0,,
Block,14.44,0,23.25,15,2,5,0,0,0,,
Block,17.42268,0,-4.68,9.466244,2,5,0,0,0,,
Block,14.25,0,-18.43,23,2,5,0,0,0,,
Block,-15.79202,0,-0.05999994,6.50404,2,5,0,0,0,,
Block,0,0,13.7,51.5,2,5,0,0,0,,
Block,0,0,0,20,2,5,0,0,0,,
Block,0,0,-4.8,5,2,5,0,0,0,,
Block,0,0,5,5,2,5,0,0,0,,
Block,0,0,9.86,51.5,2,5,0,0,0,,
Block,0,0,-9.5,51.5,2,5,0,0,0,,
BreakableBlock,-20.77,2,-24.94,2,2,2,0,0,0,0,0,
BreakableBlock,-23.77,1,-23.13,4,4,5.3644,0,180,0,0,0,
BreakableBlock,-24.77,2,-19.51,2,2,2,0,0,0,0,0,
BreakableBlock,24,1,-23.36,4,4,4.910211,0,0,0,0,0,
BreakableBlock,-11.16619,0,0.0630002,2.90763,2,14.65,0,0,0,0,0,
BreakableBlock,11.28381,0,0.0630002,2.90763,2,14.65,0,0,0,0,0,
BreakableBlock,-6.1526,0,-4.849375,7.3452,2,4.63875,0,0,0,0,0,
BreakableBlock,6.1726,0,-4.860959,7.3452,2,4.821918,0,0,0,0,0,
BreakableBlock,-6.1626,0,4.976589,7.3452,2,4.973178,0,0,0,0,0,
BreakableBlock,6.1726,0,4.955344,7.3452,2,4.870687,0,0,0,0,0,
BreakableBlock,21.03,1.96,-24.78,2,2,2,0,0,0,0,0,
BreakableBlock,24.99,2.002,-20.05,2,2,2,0,0,0,0,0,
BreakableBlock,-20.77,2,24.82,2,2,2,0,0,0,0,0,
BreakableBlock,-24.77,2,19.6,2,2,2,0,0,0,0,0,
BreakableBlock,-23.77,1,23.23,4,4,5.3644,0,180,0,0,0,
BreakableBlock,23.79,1,23.23,4,4,5.3644,0,180,0,0,0,
BreakableBlock,24.81,2,19.6,2,2,2,0,0,0,0,0,
BreakableBlock,20.83,2,24.82,2,2,2,0,0,0,0,0,
Bumper,0,2.001,0,2,2,2,0,0,0,,
Bumper,13.97,2.001,-8.55,2,2,2,0,0,0,,
Bumper,-14.01,2.001,-8.55,2,2,2,0,0,0,,
Bumper,-14.01,2,8.88,2,2,2,0,0,0,,
Bumper,13.58,2.001,8.88,2,2,2,0,0,0,,
MovingBlock,-0.68,2,12.1,2,2,2,0,0,0,16.24,2,12.79,2.9,1,Block,
Player,21.09,2,15.26,1,1,1,0,0,0,1
Player,21.09,2,-17.83,1,1,1,0,0,0,2
Player,-20.22,2,-17.83,1,1,1,0,0,0,3
Player,-20.22,2,18.86,1,1,1,0,0,0,4
Reflector,0,2,-8.18,2,2,2,0,0,0,,
