name, PosX, PosY, PosZ, ScaleX, ScaleY, ScaleZ, RotX, RotY, RotZ
Block,-3.25,0,0,34,2,44,0,0,0,,
BreakableBlock,5.75,2,11.25,4,2,4,0,0,0,0,0,
Bumper,-6,2.25,9,2,2,2,0,0,0,,
Player,-4.957632,2,-7.531157,1,1,1,0,74.83205,0,1
Player,6.132684,2,-0.8001649,1,1,1,0,212.0546,0,2
Player,-5.25,2,-2.25,1,1,1,0,49.70821,0,3
Player,1.208282,2,5.11328,1,1,1,0,204.045,0,4
