name, PosX, PosY, PosZ, ScaleX, ScaleY, ScaleZ, RotX, RotY, RotZ
Block,0,0,0,22,2,22,0,0,0,,
Player,-4.957632,2,-7.531157,1,1,1,0,74.83205,0,1
Player,6.132684,2,-0.8001649,1,1,1,0,212.0546,0,2
Player,-4.278332,2,-2.150369,1,1,1,0,25.78706,0,3
Player,1.25808,2,5.006894,1,1,1,0,254.212,0,4
